,Cathepsin G,,,,,,,,,,,,,,,,,,,
,A,C,D,E,F,G,H,I,K,L,M,N,P,Q,R,S,T,V,W,Y
P4,-0.501913878,0.011379968,0.043848772,0.012602902,0.706089726,-1.685559992,-0.574247565,1.043799409,-1.697918788,0.298386934,0.538401587,-0.242960123,-1.138074695,-0.640913881,-1.457542742,-0.565092042,0.193878069,0.755117204,0.398412002,0.490850308
P3,-0.023991177,0.078095423,-0.718765329,0.024757296,0.756504806,-2.87269712,-1.52979389,0.864281564,-1.457316916,0.643460238,0.796125893,-1.553097408,-0.728830897,-0.675064134,-1.7445196,-0.442644929,0.669762002,0.763035079,-0.203153575,0.113862323
P2,-0.359297464,-0.499835554,-2.552271602,-1.240331204,1.567453651,-3.730326141,-2.573745266,0.208972884,-1.269364606,0.877299866,0.872507046,-2.949148676,-0.671641711,-1.474663443,-1.524538708,-0.825691793,0.285170358,0.548295327,-0.471416065,1.134738212
P1,-0.700685918,-0.796457153,-1.138657872,-2.475532721,2.082426552,-3.261398296,-1.9530682,-0.960267372,-0.52651783,0.635329505,0.875864263,-1.623663597,-1.561974035,-2.144086657,-1.701229968,-0.465421387,-0.554223823,-0.710410456,-0.056798896,1.773619771
P1',-0.360270824,-0.367504032,0.404658236,-0.36976504,1.633727738,-1.789599774,-1.236932783,0.149022999,-0.734681179,0.431588135,0.348406414,-0.668631614,-8.171643712,-1.301964,-0.740074681,0.197748967,-1.10046171,-0.594337197,0.344963977,1.203771971
,,,,,,,,,,,,,,,,,,,,
,,,,,,,,,,,,,,,,,,,,
,Elastase,,,,,,,,,,,,,,,,,,,
,A,C,D,E,F,G,H,I,K,L,M,N,P,Q,R,S,T,V,W,Y
P4,-0.332112481,-0.094372938,-1.949006832,-0.72786554,0.99024125,-2.549763803,-1.10826513,0.782391393,-0.977253317,0.775735625,1.001346768,-1.767699875,-0.908916786,-0.536356983,-0.100097427,-1.246807897,-0.753915346,0.155824824,1.015495564,0.957060639
P3,-0.1329303,-0.178293876,-1.71796804,-0.723885078,1.047400535,-2.588503508,-1.027405808,0.738235223,-1.00971301,0.623909449,0.859118457,-1.916198769,-0.582956121,-0.135424657,-0.227537755,-0.563385452,-0.482237996,0.358075476,0.578799018,0.69442282
P2,0.232637632,-0.799034955,-3.091106183,-2.178739024,0.530935745,-2.776897711,-2.40167655,1.45536904,-0.804718619,0.475633337,0.541951071,-2.729145483,-0.180067562,-0.533661404,-0.591657656,-0.99146607,-0.34890874,1.35749437,0.279503878,0.051953678
P1,-0.255462043,-0.826432212,-2.970274203,-3.103526434,0.155731296,-3.035033602,-1.561086346,1.750751915,-1.099529526,-0.018857595,0.235762779,-1.677792518,-1.030637861,-1.443982508,-0.770762687,-0.709154512,-0.146441306,1.678028204,0.484246488,-0.251729779
P1',-0.731505457,-0.20339204,-3.060175764,-3.245393065,1.129996958,-2.421361957,-1.035699866,1.040533684,-0.885781942,0.445560253,0.34677598,-1.267627631,-3.59018406,-1.798506859,-0.321260745,-0.280320478,-0.255967651,0.778404971,1.379119254,0.580418396
,,,,,,,,,,,,,,,,,,,,
,,,,,,,,,,,,,,,,,,,,
,HPR3,,,,,,,,,,,,,,,,,,,
,A,C,D,E,F,G,H,I,K,L,M,N,P,Q,R,S,T,V,W,Y
P3,-1.177476338,-3.975925103,-3.620341289,-1.08041161,2.428174005,-2.029799608,-1.528638014,-0.493085284,0.050804616,-0.296152936,-0.9243525,-1.158926413,-1.655059831,-0.55021644,1.466897622,-1.456864676,-1.031683835,-0.516273974,0.396000039,-0.325770249
P2,-1.062576753,-0.748744976,-1.716877155,-1.374870889,2.18175795,-1.148127577,-1.591099542,-0.049727998,0.747452292,-0.36150743,-2.349244024,-0.432956189,-1.705247652,-3.029151536,1.032585605,-1.124536992,-2.582685138,0.263769338,0.150578272,0.855410201
P1,-0.725114158,-1.422434935,-2.613577255,-2.680148479,2.272834291,-2.972204039,-2.815623164,0.005798515,1.375921686,-0.130112778,-1.006421864,-1.197539881,-3.045225289,-2.941961455,1.648620893,-1.475802012,-2.261562122,-0.57552681,-2.319318079,0.607058475
P1',-0.947858116,-0.53583471,-1.033313655,0,1.41163608,-2.290282471,-1.392885476,0.781626268,1.235298756,-0.720910637,-0.494950225,0.620280104,-2.073941096,-0.883464214,1.230328198,-1.332554492,-0.621788466,-0.288169831,-1.126097339,1.059045605
P2',-0.614221554,-0.75073778,-1.997684334,-2.051657103,1.2821256,-0.789504882,-0.634521823,0.436280568,0.84521978,-0.235513522,-0.40983017,0.395593615,-2.103666348,-0.289269071,0.537291026,-1.061383961,-0.210676963,0.352744936,0.271685682,1.031822255
,,,,,,,,,,,,,,,,,,,,
,,,,,,,,,,,,,,,,,,,,
,No_Protease,,,,,,,,,,,,,,,,,,,
,A,C,D,E,F,G,H,I,K,L,M,N,P,Q,R,S,T,V,W,Y
P3,-0.461277099,-0.711289239,-1.133313004,-0.833697654,0.90139649,-0.965462394,-0.540842355,0.513088904,0.390627976,0.58633731,0.418285876,-0.841823129,-0.975386468,-0.581036459,0.292421852,-0.73596865,-0.739033595,-0.046053977,0.606188118,0.679673276
P2,0.2609528,0.176040885,-0.429521215,-0.443658759,0.733326488,-0.851782854,0.047931836,-0.020112164,0.723518658,0.307897597,0.067394933,-0.44012494,-0.66300421,-1.127085751,0.764726388,-0.672274125,-0.985473935,-0.198576304,0.40056736,0.073503479
P1,0.748108327,0.131707546,-1.431403551,-1.363045196,0.456812491,-1.214528164,-0.846443184,0.281081623,0.89332362,0.635136317,0.118036342,-1.279706781,-0.628586331,-0.759787752,0.904323632,-1.094210002,-0.844923165,0.477363877,-1.224607217,-0.006049911
P1',0.375671437,-0.315592966,-0.813071911,-1.081725269,0.450312907,-1.007944605,-0.905857191,0.082788008,0.091849881,0.547629681,0.315967671,-0.804383193,-1.394267733,-0.274180179,0.798493246,-0.600413709,-0.496050708,0.22549358,0.442544711,0.086642271
P2',-0.078938101,-0.656026917,-0.964374017,-0.564628818,0.716042548,-0.498396807,-0.585614651,0.421366939,0.311899419,0.444159841,0.191840681,-0.220188905,-1.423992985,-0.550702019,0.282059417,-0.782248527,-0.219059593,0.257794579,0.951359046,0.207833219
,,,,,,,,,,,,,,,,,,,,
,,,,,,,,,,,,,,,,,,,,
,No_Inhibitor,,,,,,,,,,,,,,,,,,,
,A,C,D,E,F,G,H,I,K,L,M,N,P,Q,R,S,T,V,W,Y
P4,-0.258299194,-0.621214407,-2.078448363,-1.0656542,1.012278752,-1.623680943,-0.793125941,0.847100894,-1.333055842,1.069117966,0.526066779,-1.881000132,-0.805232062,-0.509815461,-0.569985852,-1.114363441,-0.621253552,0.182911829,1.194238637,0.719382554
P3,-0.018858985,-0.341057028,-1.258934086,-0.23517216,0.963747348,-2.119539237,-0.849770687,0.750453587,-1.135804641,0.779550386,0.417923548,-1.575406367,-0.827279984,-0.07635454,-0.548746438,-0.511408945,-0.305344196,0.48022809,0.733258302,0.519047495
P2,0.05069919,-0.961626543,-1.995198961,-0.580321518,0.348123928,-2.053264977,-1.399791967,1.216244709,-0.719465665,0.309900954,0.063671204,-1.868864082,-0.307225185,0.002034265,-0.386654824,-0.655800152,0.11510433,1.234212175,0.551521502,-0.081365829
P1,0.023636052,-1.570999697,-4.625512349,-4.783760245,-0.274977645,-3.714438183,-1.748009329,1.764975637,-1.112938647,-0.149912112,-0.661494216,-1.962685958,-1.128890177,-1.446372206,-1.086310486,-0.752846219,0.584294952,1.883009285,0.257504549,-0.483981202
P1',-0.435343457,-0.113146315,-2.833310001,-4.019450598,0.799030459,-1.635635432,-0.86953543,1.213465517,-0.555147703,0.286174344,-0.328092356,-4.225276082,-6.265749862,-1.726672749,-0.140155814,-0.291951519,0.12672877,1.184405119,0.962293251,0.316029504
,,,,,,,,,,,,,,,,,,,,
,,,,,,,,,,,,,,,,,,,,
,AEBSF,,,,,,,,,,,,,,,,,,,
,A,C,D,E,F,G,H,I,K,L,M,N,P,Q,R,S,T,V,W,Y
P3,-0.646626264,-1.110943509,-1.221374701,-1.237413221,0.956202828,-1.631393845,-0.967079175,0.417353897,0.444695367,0.489531645,0.319937653,-0.477644438,-1.52863351,-1.62103294,0.635270335,-1.212980882,-0.748412574,0.025400698,1.210301822,1.082096263
P2,0.175043343,0.268749544,-2.277042161,-0.966976049,0.573339695,-1.530316997,-0.772915817,0.128274189,1.092183966,0.605006972,-0.67775308,-0.824127369,-1.745852385,-1.796381261,1.148084776,-1.016364521,-0.971150526,-0.129240256,0.527129177,0.533360898
P1,0.727431234,0.497011586,-2.784488345,-4.042036244,-0.137636272,-2.318287792,-0.973352659,-0.088744513,1.440618878,0.484085694,-0.282011528,-1.588890803,-4.344442082,-1.372217619,1.89253553,-1.667481957,-1.854094144,0.610544695,-2.510786376,-0.499244646
P1',0.338815934,0.089513837,0,-2.15801213,0.368048462,-2.396812362,-1.314906291,0.262771021,0.875379548,0.138957567,0.227288306,-1.184934749,-2.8410117,-1.123186861,1.416580881,-0.911369412,-0.915800865,0.261734115,0.298290164,0.718555483
P2',-0.394557842,-0.337821843,-1.681493074,-2.808739982,0.728279572,-0.481508344,-0.746287655,0.431925633,0.274133807,0.149984337,0.127730759,-0.386534243,-4.640001746,-1.454561588,1.061676651,-0.781680621,-0.662560614,0.56968924,0.97506449,0.333432191
,,,,,,,,,,,,,,,,,,,,
,,,,,,,,,,,,,,,,,,,,
,EDTA,,,,,,,,,,,,,,,,,,,
,A,C,D,E,F,G,H,I,K,L,M,N,P,Q,R,S,T,V,W,Y
P4,-0.314861996,-0.487038766,-1.99398737,-0.958384906,0.954742716,-1.58344679,-0.799812836,0.857327382,-1.322040735,1.016840259,0.546146793,-1.8123989,-0.758970077,-0.432438091,-0.533764155,-1.053073542,-0.612173131,0.218131886,1.201490933,0.701724541
P3,-0.093986937,-0.270576063,-1.246512159,-0.351483546,0.969856058,-1.972420796,-0.856457582,0.705292544,-1.091266213,0.744258934,0.437045839,-1.582093262,-0.83396688,-0.083041435,-0.443322967,-0.469691208,-0.318183318,0.473541195,0.795158493,0.499185211
P2,0.038813388,-0.859788982,-1.914423015,-0.572933228,0.313344726,-2.143367881,-1.406478862,1.214803984,-0.693362625,0.291898745,0.027837963,-1.740199124,-0.342671073,0.042653085,-0.433983704,-0.624351918,0.128180689,1.229011828,0.593744207,-0.016202439
P1,-0.017677187,-1.291382407,-4.632199244,-4.375409641,-0.159517431,-3.89800284,-1.785069873,1.731422136,-1.119625542,-0.12715523,-0.757448449,-1.770064045,-1.119809756,-1.492587466,-1.100376912,-0.731876771,0.618345682,1.84616042,0.361000571,-0.450479007
P1',-0.442030352,0.040631462,-2.676498164,-4.218782571,0.773276832,-1.656261518,-0.820727213,1.204186177,-0.561834598,0.279487448,-0.389227035,-4.3694665,-6.272436757,-1.899369596,-0.133627089,-0.298638414,0.134992216,1.185181743,0.983087092,0.341454794
,,,,,,,,,,,,,,,,,,,,
,,,,,,,,,,,,,,,,,,,,
,AEBSF+EDTA,,,,,,,,,,,,,,,,,,,
,A,C,D,E,F,G,H,I,K,L,M,N,P,Q,R,S,T,V,W,Y
P3,-0.199546922,-1.861803545,-0.972234737,-2.210665678,0.728904748,-1.175803004,-0.49554679,0.411921034,0.831338855,0.189778363,0.210623646,-0.321613878,-2.501885967,-1.10885857,0.746906775,-0.814977532,-1.276880189,0.143296129,1.137513691,0.942193937
P2,-0.083963596,0.365886415,-2.442939696,-0.325518662,0.72155075,-1.226729249,-0.786810259,0.210304167,0.993400627,0.579971973,-1.066043036,-0.797379826,-1.91174992,-0.962278796,1.188638118,-0.95278021,-0.815119966,-0.369138372,0.41781517,0.445465875
P1,0.500133155,0.668149039,-3.535348381,-3.207933779,-0.203998133,-2.162257232,-1.724212695,-0.254642048,1.274721343,0.425103363,0.165067814,-1.754788338,-3.510339617,-1.860043249,1.963966687,-1.195949571,-2.019991679,0.605111833,-2.261646412,-0.453638076
P1',0.333383071,0.11626138,-3.38805419,-1.323909665,0.809833504,-2.370064819,-2.288158749,0.230140017,0.802591418,-0.857014967,-0.090612323,-2.672760379,-1.269943641,-1.611012491,1.701344755,-1.283717825,-1.081698401,0.288481658,0.547430128,0.737082519
P2',0.217152202,-0.641222902,-0.847390609,-2.974637517,0.91468378,-0.706299568,-1.175219596,0.529062503,0.03023376,0.364358883,0.077310441,-0.639894619,-2.805899281,-1.620459123,1.110517965,-0.865115996,-0.676455056,0.223219459,0.721704113,0.249996816
